id,slug,name,category,subcat,address,phone,tags,recommended,editorial,images
TCL-0101,wu-auntie,五阿姨早餐店,餐廳,早餐,宜蘭縣頭城鎮城西里吉祥路32號,0953-911-231,頭城早餐｜在地老味道,蛋餅｜蘿蔔糕,每年《頭城二三事》整理農曆春節營業資訊時，五阿姨早餐店都是第一批示範店家。來這裡，蛋餅配蘿蔔糕是很值得點的一組。,assets/images/wu-auntie-2.webp｜assets/images/wu-auntie-3.webp｜assets/images/wu-auntie-1.webp
TCL-0102,blackwhite,黑白配冰沙豆花,點心,冰品甜品,宜蘭縣頭城鎮拔雅里公園路54號,03-977-0258,冰品｜豆花,黑糖冰沙＋牛奶冰沙＋仙草＋豆花＋三種料,黑糖冰沙＋牛奶冰沙＋仙草＋豆花，再自己選三種料，65 元。份量跟組合都很有誠意，而且是真的好吃。,assets/images/blackwhite-new-cover.webp｜assets/images/blackwhite-1.webp｜assets/images/blackwhite-2.webp｜assets/images/blackwhite-3.webp
TCL-0103,overtime,Overtime Coffee 261 金少爺,咖啡,咖啡甜點,宜蘭縣頭城鎮城南里東五巷7號,0926-699-527,LGBTQ+友善｜頭城鎮文學巷,咖啡｜甜點,藏在頭城鎮文學巷裡的咖啡店。除了咖啡與甜點，也是 LGBTQ+ 友善空間。坐在店門口，文學巷的日常就在眼前。,assets/images/overtime-1.webp｜assets/images/overtime-2.webp｜assets/images/overtime-3.webp
TCL-0104,nameless-noodle,無名乾麵,小吃,麵店,宜蘭縣頭城鎮城南里沙成路71號,03-977-5254,第二代傳承｜頭城下午茶,乾麵加甜辣醬｜菜頭排骨湯｜苦瓜排骨湯｜豆干｜豆澎｜小黃瓜,頭城人的下午茶，是一碗乾麵。想吃這一味記得講「乾麵」；說「陽春麵」可是會有湯的。內行一點，還會跟老闆說：「加甜辣醬。」再配一碗排骨湯和幾盤小菜，就是很頭城的一餐。,assets/images/nameless-noodle-1.webp｜assets/images/nameless-noodle-2.webp｜assets/images/nameless-noodle-3.webp
TCL-0105,cheap-home,便宜之家,生活服務,鞋店,宜蘭縣頭城鎮城北里開蘭路111號,03-977-1177,全年無休｜童鞋｜藍白拖,童鞋｜拖鞋｜日常鞋款,頭城鎮上的老鞋店，也是許多頭城小小孩的好朋友。從小朋友的鞋子、拖鞋，到大人日常穿的鞋款都有。要問頭城人去哪裡買雙藍白拖？《頭城二三事》的答案很簡單：我也都來便宜之家買。,assets/images/cheap-home-1.webp｜assets/images/cheap-home-2.webp｜assets/images/cheap-home-3.webp
TCL-0106,wujie-biscuit,五結燒餅頭城店,點心,燒餅伴手禮,宜蘭縣頭城鎮城南里沙成路61號,0966-922-235,伴手禮,小蔥餅｜刈包,小蔥餅是那種離開頭城，還會想帶一盒回去的味道。《頭城二三事》小編的叔叔每次從台北回來，回程都要帶上一盒。頭城店還藏了一個很推的刈包，想吃記得早點來，晚了可能就賣光啦！,assets/images/wujie-biscuit-1.webp｜assets/images/wujie-biscuit-2.webp｜assets/images/wujie-biscuit-3.webp
TCL-0107,shichang,世昌文具鎖印,生活服務,文具鎖印,宜蘭縣頭城鎮城東里沙成路22號,03-977-4618,全年無休｜文具｜鎖印｜季節用品,文具｜刻印｜開鎖換鎖,小小一間，卻像頭城人的生活百寶箱。上學缺文具、要刻印章、鑰匙和鎖有問題都可以來；過年有鞭炮，夏天又換成泳圈和玩水道具。這不是觀光景點，這就是很多頭城人一路用到大的日常。,assets/images/shichang-1.webp｜assets/images/shichang-2.webp｜assets/images/shichang-3.webp
TCL-0108,mimi,米米蔬雞,小吃,鹽水雞,宜蘭縣頭城鎮城東里開蘭舊路19號,0907-351-655,飲控友善｜鹽水雞,兩份雞肉＋六樣菜,想吃消夜，又不想每次都是炸的，頭城還有這一味。配料櫃乾乾淨淨，蔬菜種類也不少，老闆娘很客氣。《頭城二三事》小編固定吃法是兩份肉＋六樣菜，一大盤有肉又有菜。,assets/images/mimi-1.webp｜assets/images/mimi-2.webp｜assets/images/mimi-3.webp
TCL-0109,dear-kitchen,蒂薾廚房,餐廳,早餐早午餐,宜蘭縣頭城鎮城北里開蘭路139號,03-977-0010,寵物友善｜親子友善｜環保店家,手作青醬雞肉白吐司,藏在頭城菜市場裡的一間舒服早餐店。夏天最重要的先講：冷氣夠冷！寵物、親子都友善，店裡還使用環保玻璃吸管。來這裡推薦直接點手作青醬雞肉白吐司；草莓產季時，還可以跟著店家團購草莓。,assets/images/dear-kitchen-1.webp｜assets/images/dear-kitchen-2.webp｜assets/images/dear-kitchen-3.webp
TCL-0110,seven-hotpot,七度鍋物,餐廳,火鍋,宜蘭縣頭城鎮武營里青雲路三段350號,03-977-7111,自家肉攤與漁船｜親子友善｜兒童遊戲區｜假日建議預約,月見滷肉飯｜海鮮鍋物,老闆家有自己的肉攤與漁船，保證新鮮！有兒童遊戲區，帶小孩來也方便。假日生意很好，建議一個星期之前訂位。,assets/images/seven-hotpot-new-1.webp｜assets/images/seven-hotpot-new-2.webp｜assets/images/seven-hotpot-new-3.webp
TCL-0111,fumei,富美香雞排,點心,雞排炸物,宜蘭縣頭城鎮城北里開蘭路177號,0979-380-730,2021頭城雞排王｜冷氣內用區,雞排｜米血,2021 頭城雞排王，不只雞排要吃，米血也別漏掉。雞排當然是主角，但我覺得真正要看一家炸物店功力，米血也很重要。夏天還有一個小小的冷氣內用區。,assets/images/fumei-1.webp｜assets/images/fumei-2.webp｜assets/images/fumei-3.webp
TCL-0112,egen,E世代香雞排,點心,雞排炸物,宜蘭縣頭城鎮城東里開蘭路179號,03-977-9822,學生族愛店｜開蘭路雞排,雞排,就在富美香雞排隔壁，兩家雞排風格不太一樣，在頭城也各有自己的擁戴者。尤其學生族群對 E世代很熟，放學後來份雞排，就是不少頭城學生的日常。至於老闆嘛……長得有點像葉問。,assets/images/egen-3.webp｜assets/images/egen-1.webp｜assets/images/egen-2.webp
TCL-0113,taimei,台妹炸雞翅－頭城站前店,點心,炸雞炸物,宜蘭縣頭城鎮民鋒路6-2號,03-977-0313,站前｜現買現吃,雞翅｜雞腿｜酥皮五花肉｜全家餐,雖然是連鎖店，但這間台妹很有「頭城站前」自己的味道。買完不用急著帶走，外面就有一張小小的桌子，炸物就是要剛起鍋趁熱吃才對。,assets/images/taimei-1.webp｜assets/images/taimei-2.webp｜assets/images/taimei-3.webp
TCL-0114,weijia,魏家食府,餐廳,宜蘭辦桌菜,宜蘭縣頭城鎮城北里纘祥路38號,03-977-1785,第二代傳承｜宜蘭辦桌菜,西魯肉｜糕渣｜金棗糕｜鴨賞｜櫻花蝦炒飯,想吃宜蘭辦桌菜，不一定真的要等人家辦喜宴。老老闆以前是有名的中園總舖師，現在手藝傳承給第二代。西魯肉、糕渣、金棗糕、鴨賞都可以點，但別忘了櫻花蝦炒飯。,assets/images/weijia-1.webp｜assets/images/weijia-2.webp｜assets/images/weijia-3.webp
TCL-0115,chaomaji,潮麻吉－頭城開蘭店,點心,雞排炸物,宜蘭縣頭城鎮城西里開蘭路85-1號,03-977-5007,多口味雞排｜星期五公休,鹽酥雞｜甘梅地瓜｜辣味雞排,口味選擇很多，辣味是真的有辣；鹽酥雞無骨又飽滿，甘梅地瓜甚至什麼粉都不加就很好吃。老闆選星期五公休，是因為星期五有頭城夜市，附近小吃店也就不跟夜市搶生意。,assets/images/chaomaji-1.webp｜assets/images/chaomaji-2.webp｜assets/images/chaomaji-3.webp
TCL-0116,hito,Hito石花凍,點心,石花凍甜品,宜蘭縣頭城鎮城南里和平街60號,0935-956-770,頭城老街｜得獎甜品,石花凍,頭城老街上少數有營業的店面，用料真材實料，一喝就知道。店面有濃濃的古樸風，室內涼涼的，也有可以坐下來慢慢享用的空間。曾榮獲「宜蘭十大好食好物」最佳甜品獎，以及「宜蘭縣第一屆特別產品獎」。,assets/images/hito-1.webp｜assets/images/hito-2.webp｜assets/images/hito-3.webp
TCL-0201,tcl-0201,台灣第一家鹽酥雞,點心,鹽酥雞,宜蘭縣頭城鎮城南里開蘭路90號,0930-698-569,鹽酥雞｜炸物｜晚餐｜宵夜,鹽酥雞｜雞排,開蘭路上的鹽酥雞攤，傍晚開始營業，炸物、雞排與各式配料選擇齊全。,assets/images/taiwan-first-yansuji-1.webp｜assets/images/taiwan-first-yansuji-2.webp｜assets/images/taiwan-first-yansuji-3.webp
TCL-0202,tcl-0202,頭城第一家鹽酥雞,點心,鹽酥雞,宜蘭縣頭城鎮城北里民鋒路1-3號,03-977-8130,鹽酥雞｜炸物｜下午茶｜晚餐,鹽酥雞,民鋒路上的鹽酥雞店，下午三點開始營業，炸物櫃裡品項不少，適合下午到晚餐時間外帶。,assets/images/toucheng-first-yansuji-1.webp｜assets/images/toucheng-first-yansuji-2.webp｜assets/images/toucheng-first-yansuji-3.webp
TCL-0203,tcl-0203,布丁雞排,點心,雞排炸物,宜蘭縣頭城鎮城北里開蘭路91號,03-977-7578,雞排｜炸物｜晚餐｜宵夜｜可電話訂餐,雞排,開蘭路上的炸物老店，可以先電話訂餐，時間差不多再到店付款取貨，省去現場久候。,assets/images/buding-chicken-1.webp｜assets/images/buding-chicken-2.webp｜assets/images/buding-chicken-3.webp
TCL-0204,tcl-0204,香好佳雞排,點心,雞排炸物,宜蘭縣頭城鎮金面里青雲路二段273號,03-977-6543,雞排｜炸物｜晚餐｜外帶,雞排,青雲路二段上的雞排炸物店，下午四點開始營業，炸物與串類選擇不少。,assets/images/xianghaojia-chicken-1.webp｜assets/images/xianghaojia-chicken-2.webp｜assets/images/xianghaojia-chicken-3.webp
TCL-0205,tcl-0205,志明與春嬌炸物店,點心,炸物,宜蘭縣頭城鎮城北里沙成路97號,暫無公開電話,炸物｜週末限定｜下午茶｜外帶,炸物,沙成路上的炸物攤車，目前主要在週末營業；週六到晚上十點，週日到晚上八點。,assets/images/zhiming-chunjiao-1.webp｜assets/images/zhiming-chunjiao-2.webp｜assets/images/zhiming-chunjiao-3.webp
TCL-0206,tcl-0206,珍湘碳烤,點心,碳烤,宜蘭縣頭城鎮城東里民鋒路78-4號,0921-823-477,碳烤｜串燒｜晚餐｜宵夜,碳烤｜雞排,民鋒路上的晚間碳烤店，每天傍晚六點半開始營業，炸物與碳烤串類都有。,assets/images/zhenxiang-bbq-1.webp｜assets/images/zhenxiang-bbq-2.webp｜assets/images/zhenxiang-bbq-3.webp
TCL-0208,tcl-0208,羽鹿炭烤,點心,碳烤,宜蘭縣頭城鎮武營里協天路842號,0928-463-754,炭烤｜串燒｜晚餐,串燒,協天路上的炭烤店，店內有座位與晚間氛圍，主打各式串燒與烤物。,assets/images/yulu-bbq-1.webp｜assets/images/yulu-bbq-2.webp｜assets/images/yulu-bbq-3.webp
TCL-0209,tcl-0209,珍珍燒烤店,點心,燒烤,宜蘭縣頭城鎮城東里和平街131號,0918-964-248,燒烤｜炸物｜宵夜｜跨日營業,燒烤｜炸物,和平街上的晚間燒烤店，每晚七點半開始營業到凌晨兩點，是頭城少數營業到深夜的炸物／燒烤選擇。,assets/images/zhenzhen-bbq-1.webp｜assets/images/zhenzhen-bbq-2.webp｜assets/images/zhenzhen-bbq-3.webp
TCL-0117,tjuku-wushi,啾咕咖啡 烏石港店,咖啡,咖啡甜點,宜蘭縣頭城鎮港口里港墘路60號2樓,03-977-2158,LGBTQ+ 友善空間｜烏石港,咖啡｜甜點,位在烏石港旁的咖啡空間，窗邊可以望向港區，適合喝咖啡、吃甜點，慢慢坐上一段時間。也是 LGBTQ+ 友善空間。,assets/images/tjuku-wushi-1.webp｜assets/images/tjuku-wushi-2.webp｜assets/images/tjuku-wushi-3.webp
TCL-0118,steamed-dumpling-auntie,蒸餃阿姨,餐廳,早餐／蒸餃,宜蘭縣頭城鎮開蘭路57號,0916-892-115,2026《500碗》2碗｜頭城早餐,綜合蒸餃,榮獲 2026《500碗》2碗殊榮。早上六點開始營業，八點之後建議先打電話預約；綜合蒸餃絕對必點。,assets/images/steamed-dumpling-auntie-1.webp｜assets/images/steamed-dumpling-auntie-2.webp｜assets/images/steamed-dumpling-auntie-3.webp
TCL-0119,honey-bun,謝家蜜之蜜手工包子店,餐廳,早餐／包子,宜蘭縣頭城鎮拔雅里吉祥路72號,03-977-7519,每天現包現蒸｜頭城早餐,肉包｜奶酥包｜無糖豆漿,每天現包現蒸，肉包跟奶酥包都是別家吃不到的口味，無糖豆漿也非常好喝。,assets/images/honey-bun-1.webp｜assets/images/honey-bun-2.webp｜assets/images/honey-bun-3.webp
TCL-0120,breakfast-truck,頭城發財車無名炒麵早餐,餐廳,早餐／小吃,宜蘭縣頭城鎮拔雅里吉祥路96-3號,,第二代接手｜發財車早餐,米粉焿｜炒麵｜油豆腐,已由第二代接手，早上六點開賣，也常常很早就賣完，賣完老闆就收一收回家。米粉焿、炒麵會淋上滷肉和特製甜辣醬，在滷肉鍋中一起滷的油豆腐必加。沒有桌子，旁邊幾張椅子坐下來就能開吃，連保麗龍碗都很有復古感。,assets/images/breakfast-truck-1.webp｜assets/images/breakfast-truck-2.webp｜assets/images/breakfast-truck-3.webp
TCL-0121,xuxu-floral,煦栩花藝設計,生活服務,花藝設計,宜蘭縣頭城鎮復興路63-1號,0917-779-037,2023/10/15 開幕｜德國花藝師 FDF/IHK,花束｜花藝設計,2023年10月15日開幕，前身是在開蘭路上的櫻竹花店。老闆娘曾遠赴德國取得德國花藝師 FDF/IHK 證照，從老店的地方記憶延續成現在的花藝設計空間。,assets/images/xuxu-floral-1.webp｜assets/images/xuxu-floral-2.webp｜assets/images/xuxu-floral-3.webp
TCL-0122,beer-coffee-wine,啤 咖 酒,餐廳,酒吧／咖啡,宜蘭縣頭城鎮城東里和平東路37號,0906-251-010,LGBTQ+ 友善空間｜精釀啤酒,啤酒｜咖啡,啤酒、咖啡與音樂收藏交織在一起的個性空間，店裡從酒櫃、音響到各式收藏都有老闆自己的味道，也是 LGBTQ+ 友善空間。,assets/images/beer-coffee-wine-1.webp｜assets/images/beer-coffee-wine-2.webp｜assets/images/beer-coffee-wine-3.webp
TCL-0123,kanea,Kanea廚房-餐酒小館,餐廳,義式料理／餐酒館,宜蘭縣頭城鎮拔雅里吉祥路220號,0901-305-805,約會聚餐｜慶祝聚會,義大利麵｜燉飯｜提拉米蘇,藏在吉祥路上的餐酒小館。義大利麵風味十足，燉飯走濃郁路線，店內有小館子的溫度，氣氛舒服又帶點浪漫，很適合約會或找個理由來慶祝一下。,assets/images/kanea-1.webp｜assets/images/kanea-2.webp｜assets/images/kanea-3.webp
TCL-0124,happy-rentstation,開心RentStation頭城店 單車｜機車補給站,生活服務,租車／交通,宜蘭縣頭城鎮城東里開蘭路120號,0902-112-299,租車｜單車｜機車補給站｜頭城移動,租腳踏車逛頭城,頭城租車第一首選，款式多、活動多、價格合理。來頭城，租腳踏車移動超級方便。看老闆今天穿的衣服上面印星期幾，今天就是星期幾。,assets/images/rentstation-1.webp｜assets/images/rentstation-2.webp｜assets/images/rentstation-3.webp
TCL-0125,guangyi-station,光驛站,餐廳,咖啡／燒烤／餐酒,宜蘭縣頭城鎮武營里青雲路三段502之1號,0903-003-948,LGBTQ+友善｜女性業主｜燒烤｜餐酒,牛肉麵｜啤酒｜燒烤,牛肉麵必點，老闆娘在的話要記得點啤酒跟燒烤。,assets/images/guangyi-1.webp｜assets/images/guangyi-2.webp｜assets/images/guangyi-3.webp
TCL-0126,woosbar,水旅居餐廳＋露營車露營,餐廳,簡餐／露營車,宜蘭縣頭城鎮文化路205巷38-1號,0912-581-913,露營車｜簡餐｜啤酒｜建議訂位,滷味｜簡餐｜啤酒,建議事先訂位，滷味超級好吃，餐點以簡餐類為主，也有好喝的啤酒。老闆非常幽默，來吃飯有時候連聊天都是套餐的一部分。,assets/images/woosbar-1.webp｜assets/images/woosbar-2.webp｜assets/images/woosbar-3.webp
TCL-0127,ruyi-snack,如意小吃,餐廳,早餐／小吃,宜蘭縣頭城鎮城北里纘祥路56號,03-977-4828,在地早餐｜乾麵｜小菜｜料理台乾淨,乾麵｜小菜｜湯品,超級乾淨的料理台，頭城在地人的早餐選擇。,assets/images/ruyi-1.webp｜assets/images/ruyi-2.webp｜assets/images/ruyi-3.webp
TCL-0128,wubai-stirfry,伍佰快炒,餐廳,快炒／合菜,宜蘭縣頭城鎮城北里纘祥路54號,03-978-0021,快炒｜合菜｜炒飯｜四菜一湯,390元四菜一湯｜炒飯,各式快炒都難不倒老闆，最喜歡他390元四菜一湯的組合！炒飯非常讚！5566的王仁甫必點。,assets/images/wubai-1.webp｜assets/images/wubai-2.webp｜assets/images/wubai-3.webp
TCL-0129,wootea-toucheng,五桐號 WooTea 宜蘭頭城店,飲料,茶飲,宜蘭縣頭城鎮城南里青雲路三段82號,03-977-8065,手搖飲｜茶飲｜連鎖品牌,小芋圓清茶,真心推薦小芋圓清茶，兩位老闆娘都很幽默。,assets/images/wootea-1.webp｜assets/images/wootea-2.webp｜assets/images/wootea-3.webp
TCL-0130,toucheng-pharmacy,頭城藥局,醫療照護,健保藥局,宜蘭縣頭城鎮城東里開蘭路134號,03-977-0618,在地老店｜社區服務｜偏鄉送藥｜健保藥局,,在頭城服務超過一甲子的老藥局。從創辦人楊哲雄，到第二代林文奎藥師，頭城藥局不只是買藥的地方。轉型健保藥局後，也協助老人家預約掛號、提供偏鄉送藥等服務。對不少頭城人來說，這間開蘭路上的藥局，早已是生活裡熟悉的一部分。,assets/images/toucheng-pharmacy-1.webp｜assets/images/toucheng-pharmacy-2.webp｜assets/images/toucheng-pharmacy-3.webp
TCL-0131,donburi-minfeng,丼飯,餐廳,丼飯,宜蘭縣頭城鎮民鋒路78-2號,0981-482-100,丼飯｜現點現做｜售完為止,牛五花丼飯｜羊肉丼｜豬五花丼｜去骨雞腿丼,現點現做的大份量丼飯，每份120元。主餐可選牛五花、羊肉、豬五花或去骨雞腿，搭配兩樣青菜、雪白菇，再從半熟太陽蛋與蔥蛋二選一；每日售完為止。,assets/images/donburi-1.webp｜assets/images/donburi-2.webp
TCL-0132,aqua-teashop,AQUA 水瓶,飲料,精品茶飲,宜蘭縣頭城鎮城西里沙成路101號,03-977-0047,精品茶飲｜台灣茶｜職人茶飲,酸辣湯,台灣在地精品茶葉，透過現代淬鍊手法，把水與茶做成一杯杯有自己個性的飲品。頭城人一定要推他的「酸辣湯」——先說好，是飲料，不是湯。,assets/images/aqua-1.webp｜assets/images/aqua-2.webp｜assets/images/aqua-3.webp
TCL-0133,wuming-sugarcane-ice,吳銘小棧｜甘蔗冰,點心,冰品甜品,宜蘭縣頭城鎮城北里開蘭路137號,03-978-9137,甘蔗冰｜芋頭｜花豆｜珍珠假日限定,甘蔗冰｜芋頭｜花豆｜假日限定珍珠,珍珠是假日限定，記得加點芋頭跟花豆！,assets/images/wuming-1.webp｜assets/images/wuming-2.webp｜assets/images/wuming-3.webp
TCL-0134,xingfu-manwei,幸福滿味食堂,餐廳,海鮮／飯麵,宜蘭縣頭城鎮頭濱路二段92號,0981-764-767,海鮮料理｜炒飯｜女性業主｜附停車場,海鮮麵｜炒飯,業主為女性的商家。海鮮料理新鮮又美味，海鮮麵和炒飯份量十足；餐點價格合理，現場也有停車場。,assets/images/xingfu-manwei-1.webp｜assets/images/xingfu-manwei-2.webp｜assets/images/xingfu-manwei-3.webp
TCL-0135,now-coffee,當下咖啡,咖啡,精品咖啡／自家烘焙,宜蘭縣頭城鎮復興路38-1號,0927-368-698,極淺焙｜淺焙｜自家烘焙｜Uber Eats,手沖咖啡｜自家烘焙咖啡豆,以極淺焙與淺焙精品咖啡為主，現場常備10～12款自家烘焙咖啡豆。來到當下，不需要很懂咖啡，只要找到自己喜歡的香氣就好。還有一件很「頭城」的小事：馬路對面就是煦栩花藝設計，當下咖啡老闆煮到新豆子的時候，常會順手多煮一壺，過個馬路分給煦栩花藝設計的老闆娘喝。兩間店隔著一條復興路，用一壺咖啡敦親睦鄰。,assets/images/now-coffee-1.webp｜assets/images/now-coffee-2.webp｜assets/images/now-coffee-3.webp
TCL-0136,amao-noodles,阿茂麵攤,小吃,麵店,宜蘭縣頭城鎮新建里東興街59號,0953-823-468,乾麵｜瓜仔雞湯｜在地老味道,乾麵｜瓜仔雞湯,老闆很幽默，原本在青雲路開店，一路做到退休。本來以為就這樣收山了，沒想到休息一陣子，大概是真的閒不住，又在自家門口重新擺起麵攤。想吃阿茂的老味道，乾麵一定要點，再配一碗瓜仔雞湯，就是熟客記得的那一套。,assets/images/amao-1.webp｜assets/images/amao-2.webp｜assets/images/amao-3.webp
TCL-0146,lucas-bistro,Lucas Bistro 酒龜88餐酒館,餐廳,餐酒館,宜蘭縣頭城鎮環鎮東路二段373號,0980-777-178,寵物友善｜LGBTQ+友善｜深夜,,位在開蘭行旅一樓商店街，是寵物友善、LGBTQ+ 友善空間。下午適合一個人喝茶看書聽音樂，夜晚則適合親朋好友聚會小酌；也是頭城少數營業到深夜的店，夜貓族很實用。官網：lucas-bistro.weebly.com,assets/images/lucas-bistro-1.webp｜assets/images/lucas-bistro-2.webp｜assets/images/lucas-bistro-3.webp
TCL-0147,dafa-congee,大發清粥 自助餐,餐廳,清粥小菜／自助餐,宜蘭縣頭城鎮武營里青雲路三段383號,03-977-9668,晚餐｜深夜食堂,,晚餐時段一路開到深夜的在地食堂。,assets/images/dafa-1.webp
TCL-0148,jindao,錦道行,生活服務,制服／繡學號,宜蘭縣頭城鎮城北里沙成路34號,03-977-1655,學生制服｜繡學號,,頭城鎮上購買國高中職制服的重要選擇，也提供繡學號、繡名字服務。,assets/images/jindao-1.webp
TCL-0149,zide-print,自得印刷,生活服務,印刷／影印輸出,宜蘭縣頭城鎮城南里開蘭路86號,03-978-2968,印刷｜影印｜檔案輸出,,頭城各店家、學校與活動大量印刷的實用選擇。可加老闆娘 LINE 直接傳待印檔案，再到店取件；各種影印輸出的疑難雜症也常能處理，甚至可詢問股東會紀念品代領服務。,assets/images/zide-print-1.webp
TCL-0150,sheraton-ice,喜來登冰城 麵線,點心,冰品／麵線,宜蘭縣頭城鎮城西里開蘭路18號,03-977-6029,冰品｜麵線｜在地老店,,原本是西裝店的副業，後來越做越受歡迎，現在由第二代女兒經營。綿綿冰、福肉凍、杏仁凍、燒仙草、麵線都有，冬天甚至還有湯圓。,assets/images/sheraton-ice-1.webp｜assets/images/sheraton-ice-2.webp｜assets/images/sheraton-ice-3.webp
TCL-0151,mengda-auto,盟達友汽車修理廠,生活服務,汽車維修保養,宜蘭縣頭城鎮新建里青雲路二段730號,03-978-2963,家族企業｜現金交易,,價格合理、維修保養用心，老闆親切的家族企業。現金交易；等候室有咖啡、茶、餅乾、糖果、水果、大電視與自由時報，廁所也很乾淨。,assets/images/mengda-1.webp
TCL-0152,sea-day-breakfast,海日子早餐吧,餐廳,早餐／早午餐,宜蘭縣頭城鎮青雲路三段157號,03-977-8116,早餐｜早午餐,,平日 08:00–13:30、假日 08:00–14:00，星期三、四公休。,assets/images/sea-day-1.webp｜assets/images/sea-day-2.webp｜assets/images/sea-day-3.webp
TCL-0153,kavalan-computer,噶瑪蘭電腦 數位影像輸出,生活服務,電腦維修／數位輸出,宜蘭縣頭城鎮拔雅里復興路52之2號,03-977-7755／0982-185-600,電腦維修｜數位輸出｜回收,,電腦維修與回收之外也有數位影像輸出。主機／筆電100元、螢幕50元、印表機30元；價格與服務請先電話確認。,assets/images/kavalan-computer-1.webp
TCL-0154,jinfeng-recycle,金峰企業社,生活服務,資源回收,宜蘭縣頭城鎮武營里青雲路三段323巷13號,暫無,資源回收｜電器回收,,金屬、電器、紙類回收。鎮上容易抵達，電器品項多數都有收。,assets/images/jinfeng-recycle-1.webp
TCL-0155,zhaoren-clinic,照仁診所,醫療照護,醫療／診所,宜蘭縣頭城鎮拔雅里吉祥路88巷27號,03-977-4133,醫療｜慢性病｜家庭診所,,李醫師親切，許多長輩很信任。慢性病、一般感冒，以及兒童發燒、感冒、流感、跌傷等都會看。星期一早診常超過100人，建議提早到診所或當天提早電話預約。,assets/images/zhaoren-1.webp
TCL-0156,cixin-clinic,慈心診所,醫療照護,醫療／皮膚耳鼻喉,宜蘭縣頭城鎮城北里開蘭路183號,03-978-9123,醫療｜星期日看診｜皮膚科,,鎮上少數星期日仍有看診的診所，醫師親切，可處理皮膚科相關問題，也看耳鼻喉、感冒等。就在 E世代隔壁，富美香雞排也在附近。,assets/images/cixin-1.webp
TCL-0157,weixin-appliance,維新電器,居家修繕,冷氣／家電維修,宜蘭縣頭城鎮城南里東五巷4-1號,0905-508-890,冷氣維修｜家電維修｜電話預約,,冷氣安裝、冷氣維修、熱水器及各式家電維修。聯絡人王凱霖（小胖），也是城南里的鎮民代表。沒有固定營業時間，先打電話約好時間即可。,assets/images/weixin-1.webp
TCL-0158,tienda-access,添大興業,醫療照護,無障礙設備,宜蘭縣頭城鎮和平街70號,03-9770-189,無障礙｜斜坡板,,提供無障礙斜坡板。傳真 03-2166-858；電子郵件 jameslin@tienta.com.tw。,assets/images/tienda-access-1.webp
TCL-0159,chengkung-plumbing,成功水電工程行,居家修繕,水電工程,宜蘭縣頭城鎮,0981-383-008,水電｜老宅翻修｜證照,,新建案水電工程、老宅翻修、老舊線路更換、高低壓用電申請、自來水申請、衛浴設備燈具安裝、瓦斯管路配置、家庭水電查修、監視器、自動控制與機電整合。聯絡人吳凰源，請來電預約。具乙級室內配線士、甲種電匠、工業配線士及自來水管相關證照。統編87384897。,assets/images/chengkung-plumbing-1.webp
TCL-0160,keitin-surveillance,數位監控系統｜李楷廷（阿倫）,居家修繕,監視器／網路配線,宜蘭縣頭城鎮下埔里下埔路57之3號,0916-250-657,監視器｜網路配線｜水電維修,,監視器系統、遠端監控監聽、設計規劃安裝、水電維護維修及網路架設配線。Email：thekeitin@yahoo.com；LINE：thekeitin。,assets/images/keitin-1.webp
TCL-0161,gongcun-design,宮村室內裝修設計工程有限公司,居家修繕,室內裝修／工程管理,宜蘭縣頭城鎮青雲路二段723號,0983-338-147,室內裝修｜工程整合,,室內裝修設計、建築外觀設計及工程管理顧問。聯絡人林銘慶，LINE：0983338147。有完整工程團隊，可一次協調泥作、木作、冷氣、鋁門窗、垃圾清運等工種；專業好溝通、價格合理，大小工程都很放心。,assets/images/gongcun-1.webp
TCL-0162,jinli-curtain,金利屋窗簾,居家修繕,窗簾／壁紙地毯,宜蘭縣頭城鎮開蘭路249號,0935-088-467,窗簾｜到府丈量,,壁紙、地毯、塑膠拉門、塑膠地磚、窗簾及到府丈量估價。頭城少數窗簾行，款式多、施工迅速、價格合理，可先到店面挑款。聯絡人林文仲；LINE：0935088467。,assets/images/jinli-curtain-1.webp
TCL-0163,changhong-window,長弘鋁門窗,居家修繕,鋁門窗／氣密窗,宜蘭縣頭城鎮金面路202-7號,0917-739-990,鋁門窗｜氣密窗｜電話預約,,防盜靜音格子窗、防颱百葉窗、鋁格網、造型鋁格柵、防盜窗、造型門、隱藏式紗窗門、舊窗換新窗、陽台凸窗及採光罩。建議先電話預約。聯絡人莊宏琦。,assets/images/changhong-1.webp
TCL-0164,xu-wenbin-taxi,徐文彬計程車,交通接送,計程車／夜間叫車,宜蘭縣頭城鎮,0916-220-000,計程車｜夜間叫車｜包車,,頭城地區包車服務及夜間叫車，服務時間 14:00–02:00。車牌 TDH-0068。,assets/images/xu-wenbin-1.webp
TCL-0165,airport-charter,機場接送、包車旅遊,交通接送,機場接送／包車,宜蘭縣頭城鎮,0953-965-988,機場接送｜包車旅遊,,頭城往返桃園機場，除了自己開車與大眾運輸之外的第三個選擇。老闆是大坑人，使用大型賓士廂型車。2026/08/20價格：單趟2500元、來回5000元；3個點內接送不加價，沒有夜間加價，農曆過年期間會加價。,assets/images/airport-charter.webp
TCL-0166,nameless-alteration,無名修改衣服店,生活服務,衣物修改,宜蘭縣頭城鎮城東里和平東路39號,暫無,衣物修改｜無招牌,,就在啤咖酒隔壁，沒有招牌，不特別說很容易錯過。改褲頭、換鬆緊帶、改褲子長度都沒問題。,assets/images/nameless-alteration-1.webp
TCL-0167,xinchang-alteration,欣倡 修改衣服／免洗餐具,生活服務,衣物修改／免洗餐具,宜蘭縣頭城鎮城東里沙成路8號,03-977-2337,衣物修改｜免洗餐具｜電話預約,,Google Maps 上沒有，小小的家庭式店面。可買各種免洗餐具，也提供改褲頭、換鬆緊帶、修改褲長等衣物修改服務，可先打電話預約。,assets/images/xinchang-alteration-1.webp
TCL-0168,xiuhui-tailor,秀惠裁縫,生活服務,衣物修改／裁縫,宜蘭縣頭城鎮新建里開蘭東路53號,03-977-4706,衣物修改｜裁縫｜藍染,,修改衣服、改褲頭、換鬆緊帶、修改褲子長度等衣物修改服務；店內還有老闆娘的藍染作品。,assets/images/xiuhui-tailor-1.webp
TCL-0169,jin-feng-drinks,錦豐飲料店,飲料,飲料／冰沙／咖啡,宜蘭縣頭城鎮大坑里協天路638號,0983-802-882,飲料｜冰沙,,大坑里協天路上的在地飲料店，飲品、冰沙與咖啡都有。,assets/images/jin-feng-drinks-1.webp｜assets/images/jin-feng-drinks-2.webp｜assets/images/jin-feng-drinks-3.webp
TCL-0170,qingxin-toucheng,清心福全 頭城青雲店,飲料,手搖飲,宜蘭縣頭城鎮新建里青雲路三段50號,03-977-7230,手搖飲｜連鎖飲料,,頭城青雲路上的清心福全門市。,assets/images/qingxin-toucheng-1.webp｜assets/images/qingxin-toucheng-2.webp｜assets/images/qingxin-toucheng-3.webp
TCL-0171,hand-sauce-rougeng,手醬肉焿,小吃,肉焿／早餐午餐,宜蘭縣頭城鎮城西里西一巷1號,0970-717-178,小吃｜早餐,肉焿｜自製辣醬,頭城早餐一天的開始也可以選肉焿，也是午餐的好選擇！拜託一定要加他們自製辣醬。,assets/images/hand-sauce-rougeng-1.webp｜assets/images/hand-sauce-rougeng-2.webp｜assets/images/hand-sauce-rougeng-3.webp
TCL-0172,yes-chain-pharmacy,佑全保健藥妝-頭城青雲藥局,醫療照護,藥局／保健藥妝,宜蘭縣頭城鎮城東里青雲路三段196-200號,03-977-1837,藥局｜保健藥妝,,頭城最大三連間的開架式藥局，還有專業藥師讓你問到飽！,assets/images/yes-chain-pharmacy-1.webp｜assets/images/yes-chain-pharmacy-2.webp｜assets/images/yes-chain-pharmacy-3.webp
TCL-0173,coco-toucheng,CoCo都可 頭城店,飲料,手搖飲,宜蘭縣頭城鎮城東里青雲路三段169號,03-977-0149,手搖飲｜連鎖飲料,,頭城青雲路上的 CoCo 都可門市。,assets/images/coco-toucheng-1.webp｜assets/images/coco-toucheng-2.webp｜assets/images/coco-toucheng-3.webp
TCL-0174,dingfu,鼎福小館,餐廳,家常菜／快炒桌菜,宜蘭縣頭城鎮城東里青雲路三段202號,03-977-8323,家常菜｜快炒｜桌菜,炒飯,青雲路上各有特色的家常桌菜快炒店，炒飯是一定要點的；過年期間還有桌菜可以打包回家。,assets/images/dingfu-1.webp｜assets/images/dingfu-2.webp｜assets/images/dingfu-3.webp
TCL-0175,raintown-cafe,蘭城雨啡 RainTownCafe,咖啡,咖啡／甜點,宜蘭縣頭城鎮城南里和平街68號,03-977-0255,業主為女性的商家｜頭城老街｜咖啡｜甜點,咖啡｜甜點,頭城老街南門段中難得有營業的店家，遠遠就能聞到咖啡香氣。,assets/images/raintown-cafe-1.webp｜assets/images/raintown-cafe-2.webp｜assets/images/raintown-cafe-3.webp
TCL-0176,bo-coffee-roaster-2,洄城咖啡,咖啡,咖啡／甜點／鹹派,宜蘭縣頭城鎮城西里吉祥路44號,暫無資料,咖啡｜提拉米蘇｜鹹派｜舒適空間,提拉米蘇｜鹹派,適合坐下來小憩的咖啡店，咖啡選擇不少，提拉米蘇味道濃郁，還有較少見的鹹派。店內空間舒適，從擺設到植物都看得出老闆的小巧思，是間讓人待起來很放鬆的咖啡店。,assets/images/bo-coffee-1.webp｜assets/images/bo-coffee-2.webp｜assets/images/bo-coffee-3.webp
TCL-0177,pal-coffee,pal coffee,咖啡,咖啡／早午餐,宜蘭縣頭城鎮吉祥路9-1號,0908-022-073,咖啡｜衝浪客｜任天堂｜看火車,咖啡,吉祥路上的 pal coffee，是不少衝浪客喜歡聚集的咖啡店。它和洄城咖啡其實只隔了一個平交道；二樓還有懷舊任天堂遊戲機，可以喝咖啡、玩遊戲，也可以坐著看火車從頭城經過。,assets/images/pal-coffee-1.webp｜assets/images/pal-coffee-2.webp｜assets/images/pal-coffee-3.webp
TCL-0178,kf-coffee,KF COFFEE,咖啡,自家烘焙／咖啡,宜蘭縣頭城鎮城西里開蘭路85之4號,0972-440-345,自家烘焙｜咖啡｜早午餐,拿鐵咖啡,首推拿鐵咖啡，自家烘焙是店裡的一大特色。還可以點隔壁早餐店的餐點進來配咖啡，一次解決早餐和咖啡，超級方便。店內空間舒服，洗手間也維持得非常乾淨。,assets/images/kf-coffee-1.webp｜assets/images/kf-coffee-2.webp｜assets/images/kf-coffee-3.webp
TCL-0179,treasure-of-joy,兌藏人文藝術咖啡館 Treasure of Joy,咖啡,人文藝術咖啡館,宜蘭縣頭城鎮城東里和平街145號,03-977-7389,暫時關閉｜頭城老街｜人文藝術｜咖啡,,位在頭城老街北門福德祠旁，藍色門面、滿屋植栽與老屋空間，是和平街上很有辨識度的一間人文咖啡館。雖然目前暫時關閉，但這樣一間曾經為頭城老街帶來咖啡、人文與藝術氣息的空間，我們希望仍把它留在「頭城生活中」。,assets/images/treasure-of-joy-1.webp｜assets/images/treasure-of-joy-2.webp｜assets/images/treasure-of-joy-3.webp
TCL-0180,adan-taro-milk,阿丹芋頭牛奶冰沙,飲料,芋頭牛奶冰沙／冰品,宜蘭縣頭城鎮城西里纘祥路14-1號,暫無資料,飲料｜點心｜冰沙｜芋頭,芋頭牛奶冰沙,頭城想喝芋頭牛奶冰沙，這間是在地開了不少年的老選擇。主打大杯 700cc，芋頭打成冰沙後仍保留一些果肉口感，不只是單純喝到芋頭香。天氣熱時來上一杯，很有頭城街邊老店的味道。,assets/images/adan-taro-1.webp｜assets/images/adan-taro-2.webp｜assets/images/adan-taro-3.webp
TCL-0181,landhome-clinic,仁宏診所,醫療照護,診所／大腸鏡檢查,宜蘭縣頭城鎮城北里纘祥路79-2號,03-977-6568,診所｜大腸鏡｜痔瘡相關治療｜LGBTQ+ 友善空間,,頭城少數提供大腸鏡檢查的診所，也有痔瘡相關治療。檢查前會提供準備說明，門診與麻醉評估流程說明仔細；若有相關需求，可把仁宏列入頭城在地就醫選擇之一。實際檢查方式與術前準備仍以診所醫療人員評估及指示為準。,assets/images/landhome-clinic-1.webp｜assets/images/landhome-clinic-2.webp｜assets/images/landhome-clinic-3.webp
TCL-0182,fubao-donut,FuBaoDonut現烤甜甜圈,點心,現烤甜甜圈,宜蘭縣頭城鎮城南里沙成路81號,0965-463-978,現烤甜甜圈｜可先LINE預訂,原味｜奶酥｜巧克力｜花生｜抹茶｜巧克力棉花糖｜起司｜香蒜｜開心果,現烤甜甜圈，可先用官方 LINE 預訂，減少現場等候時間。限定口味與優惠依店家當日公告為準。,assets/images/fubao-donut-1.webp｜assets/images/fubao-donut-2.webp｜assets/images/fubao-donut-3.webp
TCL-0183,just-charming,就是茶米手搖飲,飲料,現泡茶飲／水果特調,宜蘭縣頭城鎮城南里沙成路83號,0982-902-421,LGBTQ+ 友善空間｜女性業主｜手搖飲,紅心芭樂檸檬綠茶｜梅果綠茶,提供現泡茶飲與水果特調，紅心芭樂檸檬綠茶、梅果綠茶是熱門選擇。與 FuBaoDonut 是鄰居，兩間中間只隔一條小巷子。,assets/images/just-charming-1.webp｜assets/images/just-charming-2.webp｜assets/images/just-charming-3.webp
TCL-0184,historic-street-79,老街麻辣,餐廳,麻辣火鍋,宜蘭縣頭城鎮城南里沙成路79號,03-977-6909,火鍋｜晚餐｜看球賽,,老闆一個人掌控內外場，店內裝潢也多由老闆親手打造。火鍋可以依需求調整，也可以一邊吃鍋一邊看球賽。,assets/images/historic-street-79-1.webp｜assets/images/historic-street-79-2.webp｜assets/images/historic-street-79-3.webp
TCL-0185,laojia-pie,老家餡餅 - 頭城店,小吃,餡餅／攤車,宜蘭縣頭城鎮城南里沙成路73號,0933-233-003,攤車｜三代傳承｜多語菜單,豬肉餡餅｜牛肉餡餅｜韭菜餡餅｜高麗菜餡餅,不是店面，而是沙成路上一個小小的餡餅攤車。最早由一對老夫妻經營，後來第二代加入，現在連第三代小朋友也會來當小幫手。菜單還有英文、日文等多語標示。,assets/images/laojia-pie-1.webp｜assets/images/laojia-pie-2.webp｜assets/images/laojia-pie-3.webp
TCL-0186,wow-tea-toucheng,哇茶！ 頭城店,飲料,地方手搖飲,宜蘭縣頭城鎮城南里沙成路75號,03-977-2586,地方飲料店｜手搖飲｜特色口味,,有趣的地方型飲料店，飲品選擇不少，也有一些不同於常見連鎖手搖店的特色口味。,assets/images/wow-tea-toucheng-1.webp｜assets/images/wow-tea-toucheng-2.webp｜assets/images/wow-tea-toucheng-3.webp
TCL-0187,seven-mouths-toucheng,七嘴八舌頭城店,小吃,滷味／晚餐,宜蘭縣頭城鎮沙成路69號,0989-707-914,滷味｜晚餐｜學生常客｜客製煮法｜有廁所｜有冷氣,,食材種類多，青菜葉菜類幾乎都是有機的，煮法可以依喜好調整。小辣就已經頗辣；學生客群多，不想久候可避開下午四、五點放學時段。還可以和隔壁無名乾麵攤跨店合點，老闆會幫忙送進店裡，但仍各自結帳。,assets/images/seven-mouths-toucheng-1.webp｜assets/images/seven-mouths-toucheng-2.webp｜assets/images/seven-mouths-toucheng-3.webp
TCL-0188,toucheng-japanese-snack,頭城日式料理小吃,餐廳,日式料理,宜蘭縣頭城鎮開蘭路114號1樓,03-977-5320,日式料理｜拉麵｜壽司｜關東煮,,大家好，我是頭城日式料理小吃 BOSS 曹小城，來自宜蘭頭城。本店位於頭城火車站與頭城老街附近，將日式料理的細膩與台式美食的溫暖融合成自己的味道。店內主要提供拉麵、招牌肉燥飯、各式壽司、手捲、生魚片、關東煮與沙拉；其中以薯泥包製的手捲是店內特色，一年四季也都有關東煮。一路走來，我們始終堅持每日現做，從食材挑選、料理準備到餐點製作都用心把關。對我們而言，美食不只是填飽肚子，更是一份人情味與陪伴。無論一個人用餐、好友相聚或一家大小來吃飯，都希望大家能吃得開心、吃得滿足、吃得飽飽，再帶著笑容回家。客人的肯定與再次光臨，就是我們持續把每一道料理做好最大的動力。來到頭城，歡迎到《頭城日式料理小吃》坐坐，讓我們用熱騰騰的料理與真誠服務招待每一位朋友。,assets/images/toucheng-japanese-snack-1.webp｜assets/images/toucheng-japanese-snack-2.webp｜assets/images/toucheng-japanese-snack-3.webp
TCL-0189,wushi-harbor-plumbing,烏石港水電行,居家修繕,水電工程,宜蘭縣頭城鎮城南里沙成路21號,03-977-2365,水電｜居家修繕｜小型工程,,家中小小的水電工程問題，可以先打電話跟阿牛師傅約時間處理。家裡用了25年的馬桶整個換新、新拉燈座，也都是請他協助。,assets/images/wushi-harbor-plumbing-1.webp｜assets/images/wushi-harbor-plumbing-2.webp
TCL-0190,yuanbao-breakfast,元堡早餐,餐廳,早餐,宜蘭縣頭城鎮城東里民鋒路78-1號,03-977-7606,早餐｜蛋餅｜鐵板麵｜奶茶,蛋餅｜鐵板麵｜奶茶,特色是蛋餅、鐵板麵和奶茶。店內乾淨舒適、有冷氣，價格實惠。,assets/images/yuanbao-breakfast-1.webp｜assets/images/yuanbao-breakfast-2.webp｜assets/images/yuanbao-breakfast-3.webp
TCL-0191,jingoodwheat,勁好麥烘焙,點心,烘焙甜點,宜蘭縣頭城鎮大坑里協天路563號,0988-652-210,烘焙｜蛋糕｜麵包｜客製蛋糕,客製蛋糕｜麵包,老闆是台北學成返鄉的蛋糕師傅，烏石港遊艇糕點和麵包都難不倒他。蛋糕可以客製化，也願意配合緊急訂單；店內還有有趣的值星帶可以買。,assets/images/jingoodwheat-1.webp｜assets/images/jingoodwheat-2.webp｜assets/images/jingoodwheat-3.webp
TCL-0192,zhen-zhou-dao,珍粥到廣東粥,小吃,粥品,宜蘭縣頭城鎮城南里沙成路63之3號,03-977-9888,廣東粥｜粥品｜寶寶粥,廣東粥｜寶寶粥,頭城相當少有的粥類店面，也可以客製化煮成寶寶粥；身體不舒服、想吃清淡一點時，也是很實用的應急餐點。,assets/images/zhen-zhou-dao-1.webp｜assets/images/zhen-zhou-dao-2.webp｜assets/images/zhen-zhou-dao-3.webp
TCL-0193,lao-zhang-breakfast,老張早餐吧,餐廳,早餐／早午餐,宜蘭縣頭城鎮城南里和平街92號,0928-075-749,早餐｜早午餐｜老宅｜飯糰,黑豬飯糰,05:00就會有觀光客來排隊用餐的早餐店，可以在頭城老宅中吃一頓漂亮的早午餐。有吃一個就會讓你碳暈到下午的黑豬飯糰！,assets/images/lao-zhang-breakfast-1.webp｜assets/images/lao-zhang-breakfast-2.webp｜assets/images/lao-zhang-breakfast-3.webp
TCL-0194,pianxin-bookstore,偏心書店／蔧集空間,生活服務,獨立書店／複合空間,宜蘭縣頭城鎮城南里沙成路85號1樓,暫無資料,書店｜講座｜活動｜課程｜卡牌｜TRPG｜教育諮詢,,超乎想像的斜槓書店：有想法的選書、特調飲料、精選點心、誠品般的氛圍、貼心的老闆與多變化的店長；意想不到的，還有卡牌、TRPG及教育諮詢。講座、活動、課程採預約報名制，偏心書院試辦中。營業時間請洽臉書粉絲團。,assets/images/pianxin-bookstore-1.webp｜assets/images/pianxin-bookstore-2.webp｜assets/images/pianxin-bookstore-3.webp
TCL-0195,zhengxiang-soup-dumplings,蒸香湯包,小吃,湯包／燒賣,宜蘭縣頭城鎮城東里開蘭路114號,0989-310-977,湯包｜燒賣｜三星蔥,三星蔥湯包,店內特色是「三星蔥湯包」。另有魚翅餃、港式燒賣等品項。,assets/images/zhengxiang-soup-dumplings-1.webp｜assets/images/zhengxiang-soup-dumplings-2.webp｜assets/images/zhengxiang-soup-dumplings-3.webp
TCL-0210,xunen-plumbing-electric,勛恩水電工程行,居家修繕,水電工程,地址請洽店家,0910-664-091,水電維修｜裝修工程｜燈飾照明｜衛浴設備｜監控系統,,林坤輝（阿輝）師傅提供室內配線（屋內裝修）、自來水配管、用電設備檢驗，以及水電維修、裝修工程、燈飾照明、衛浴設備與監控系統等服務。具室內配線乙級、自來水配管丙級與用電設備檢驗丙級技術士資格；LINE ID：djpcjo。名片中的 LINE QR Code 已保留於照片，可直接掃描聯絡。,assets/images/xunen-plumbing-electric-1.webp｜assets/images/xunen-plumbing-electric-2.webp
TCL-0211,pingtouge-hair,平頭哥髮院,生活服務,理髮,宜蘭縣頭城鎮城東里和平街110號,03-978-0303,理髮｜百元理髮｜家庭式,百元理髮,2026 年在頭城還能用新台幣 100 元理髮的店，大概就屬這間最有代表性。沒有醒目的招牌，也沒有很酷的裝潢，就是很純粹的家庭式理髮店，但老闆的用心很容易感受到。從 1 歲的小朋友到 80 歲的長輩都能剪，是不少頭城在地人的日常選擇。,assets/images/pingtouge-hair-1.webp
TCL-0212,kailan108-buying,頭城－開蘭108美式賣場代購,生活服務,美式賣場代購,宜蘭縣頭城鎮城南里開蘭路108號,0935-556-532,美式賣場｜代購｜線上訂購｜現場取貨,,外縣市有大型美式賣場的朋友可能很難理解：宜蘭為什麼會需要這種代購服務？原因很單純——宜蘭沒有 Costco。或者只是懶得為了買一樣東西專程跑一趟，更怕原本只想買 A，最後莫名其妙扛著 BCDEFG 回家。這裡可以先線上訂購，貨到了再到店取貨，碰上優惠時說不定還能撿到折扣。,assets/images/kailan108-buying-1.webp
TCL-0213,old-junior-high-breakfast,頭城舊國中無名早餐店,小吃,早餐,宜蘭縣頭城鎮城西里開蘭路8號,0932-358-735,早餐｜蛋餅｜肉圓｜咖啡牛奶｜老店,現擀現煎蛋餅｜蒸肉圓｜特調咖啡牛奶,沒有招牌，也沒有店名，但很多以前的頭城國中學生都知道這一家。1995 年以前就已經存在，蛋餅現擀現煎，淋上店家特製甜辣醬和醬油；蒸肉圓加上筍絲，QQ 的外皮也搭同一款醬料。咖啡牛奶是店家特調。對以前在附近上學的人來說，這裡賣的不只是早餐，也是學生時代的一小段日常。,assets/images/old-junior-high-breakfast-1.webp｜assets/images/old-junior-high-breakfast-2.webp｜assets/images/old-junior-high-breakfast-3.webp
TCL-0214,toucheng-mian-gao-jian,頭城麵糕煎,點心,麵糕煎,宜蘭縣頭城鎮城東里開蘭路140號,0918-843-566,麵糕煎｜老攤｜第二代｜攤車,麵糕煎,一台攤車、一種品項，就這樣賣了好多年。攤車的年紀據說和現在頭城商場的建築物一樣大，如今由第二代接手經營。這裡不用研究菜單，主角就只有麵糕煎。最好吃的時候，是剛好等到新鮮出爐；熱呼呼拿在手上，一塊吃完很容易開始想第二塊。高雄表妹每次回頭城，都一定要吃上一塊才過癮。,assets/images/toucheng-mian-gao-jian-1.webp｜assets/images/toucheng-mian-gao-jian-2.webp｜assets/images/toucheng-mian-gao-jian-3.webp
TCL-0215,lai-family-noodles,賴氏呷麵,小吃,麵食,宜蘭縣頭城鎮城北里開蘭路167號,03-977-3289,麵食｜炸醬麵｜滷肉飯｜韓國拉麵,炸醬麵｜滷肉飯｜鍋燒麵,從傳統的炒麵、炸醬麵、肉燥乾麵、沙茶乾麵、滷肉飯，到餛飩湯麵、貢丸湯麵、肉焿、魷魚焿、羊肉焿都有；想換個口味，也有韓國拉麵與原味、沙茶、泡菜鍋燒麵可以選。店面乾淨明亮，從早上一路營業到晚餐時間，是想簡單吃碗麵、吃頓飯時很容易走進去的一間頭城日常小吃店。,assets/images/lai-family-noodles-1.webp｜assets/images/lai-family-noodles-2.webp｜assets/images/lai-family-noodles-3.webp
TCL-0216,toucheng-oyster-omelet,頭城老店蚵仔煎,小吃,蚵仔煎,宜蘭縣頭城鎮城西里纘祥路33號,03-977-0512,蚵仔煎｜米糕｜乾麵｜肉羹｜老店,蚵仔煎｜米糕｜肉羹,現在要在頭城鎮上找蚵仔煎，好像就剩這一家了。從以前一盤新台幣 30 元的年代一路吃到現在，小時候吃過之後大概就產生了某種「母鳥效應」——總覺得蚵仔煎就是要長這個樣子、吃起來是這個味道，才叫蚵仔煎。這裡也不只有蚵仔煎，米糕、乾麵、肉羹都是可以一起點的老派組合。,assets/images/toucheng-oyster-omelet-1.webp｜assets/images/toucheng-oyster-omelet-2.webp｜assets/images/toucheng-oyster-omelet-3.webp
TCL-0217,jia-hong-beef-noodles,家宏牛肉麵,餐廳,牛肉麵／炒飯炒麵,宜蘭縣頭城鎮新建里青雲路三段26號,03-977-6745,牛肉麵｜炒飯｜炒麵｜第二代｜老店,牛肉麵｜炒飯｜炒麵,現在也是第二代經營。除了牛肉麵，炒飯、炒麵更是好吃！菜單另有牛肉泡河粉、牛肉燴飯、肉絲炒麵、肉絲炒河粉、榨菜肉絲麵，以及多種熱炒、湯類與小菜，是午餐、晚餐都很實在的頭城老店。,assets/images/jia-hong-beef-noodles-1.webp｜assets/images/jia-hong-beef-noodles-2.webp｜assets/images/jia-hong-beef-noodles-3.webp
TCL-0218,house-double-brunch,好室成雙,餐廳,早午餐,宜蘭縣頭城鎮大坑里文化路182號,0909-543-939,早午餐｜LGBTQ+ 友善空間｜女性業主｜重劃區,早午餐盤,位在頭城重劃區裡的一間舒服早午餐店，店面明亮乾淨，從餐點到空間都有自己的風格。餐點以早午餐盤為主，可以吃到煙燻豬肉、鴨賞、明太子、煙燻鮭魚等不同搭配。店家同時是 LGBTQ+ 友善空間，也是女性業主經營的商家，適合想找一間舒服坐下來吃早午餐、慢慢聊聊天的地方。,assets/images/house-double-1.webp｜assets/images/house-double-2.webp｜assets/images/house-double-3.webp
TCL-0219,toucheng-soymilk-shop,頭城豆漿店,餐廳,早餐／宵夜,宜蘭縣頭城鎮城南里青雲路三段127號,03-977-1160,豆漿｜鍋貼｜煎包｜飯糰｜宵夜早餐｜衝浪補給,鍋貼｜煎包｜飯糰,除了便利商店，這大概是整個頭城半夜三點還能找到熱食的少數店面之一。我最喜歡鍋貼與煎包；高中通勤時，阿嬤也常買他們家的飯糰給我。對衝浪客來說，這裡也是下水前很好用的補給點，不管半夜、清晨，還是剛起床想找一份熱食早餐，都很方便。,assets/images/toucheng-soymilk-1.webp｜assets/images/toucheng-soymilk-2.webp｜assets/images/toucheng-soymilk-3.webp
TCL-0220,comebuy-toucheng,COMEBUY 宜蘭頭城店,飲料,手搖飲,宜蘭縣頭城鎮城東里青雲路三段226號,03-977-9913,手搖飲｜奶茶｜鮮調果茶｜無咖啡因,,頭城青雲路上的連鎖手搖飲店，品項從奶茶、鮮調果茶到無咖啡因飲品都有，選擇很多。每天固定營業到晚上 8:30，想買杯飲料帶走很方便。,assets/images/comebuy-toucheng-1.webp｜assets/images/comebuy-toucheng-2.webp
TCL-0221,deantang-herbal-pharmacy,德安堂藥房,醫療照護,中藥房,宜蘭縣頭城鎮城西里開蘭路16號,03-977-3668,中藥房｜抓藥｜防蚊包｜百年謝籃｜手寫藥帖,,德安堂不只是買藥、抓藥的地方，也保存著一段頭城老藥房的生活記憶。淑真姐會帶著孩子實際抓藥、製作防蚊包，讓原本看起來有些距離的中藥文化，變成可以親手接觸的生活體驗。店裡還保存祖輩傳下來的手寫藥帖，以及百年謝籃的故事，對孩子來說是認識傳統藥房的機會，對大人來說，也能重新看見一間老店累積下來的地方記憶。,assets/images/deantang-herbal-1.webp｜assets/images/deantang-herbal-2.webp｜assets/images/deantang-herbal-3.webp
TCL-0222,clothing-shop-cold-noodles,假裝是服飾店的涼麵店,小吃,涼麵,宜蘭縣頭城鎮城西里開蘭路35號,03-977-3123,涼麵｜限量｜蒜味｜辣味｜團購,涼麵,外觀看起來根本就是服飾店，但裡面真的有賣涼麵。第一次來可能會在門口懷疑人生，不過不用怕，勇敢走進去跟老闆或老闆娘說「我要買涼麵」就對了。涼麵以團購為主要生意，數量有限，建議早點來，下午很容易就賣光。醬料是很道地的台式口味，蒜味是真的有蒜味，辣味也是真的有辣；蒜味版本吃完之後，女朋友或太太可能兩天都不太想跟你親嘴——這句是稱讚。店門口還有一個咖啡小攤，找到它就代表你沒有走錯地方。,assets/images/clothing-shop-cold-noodles-1.webp｜assets/images/clothing-shop-cold-noodles-2.webp
TCL-0223,beginner-redbean-cake-toucheng,初心紅豆餅－頭城店,點心,紅豆餅／豆花,宜蘭縣頭城鎮城東里民鋒路6-7號,0981-881-427,紅豆餅｜豆花｜米粉羹｜限量,紅豆餅｜豆花｜古早味米粉羹,雖然名字叫「初心紅豆餅」，但這裡不只是紅豆餅。各種口味的紅豆餅餡料都很飽滿之外，店內還有頭城比較少見、而且數量有限的古早味米粉羹，另外也有料給得很實在的豆花。想吃甜的可以選紅豆餅或豆花，想來點鹹的就看看當天米粉羹還有沒有。算是一間名字很單純，但實際上比想像中更有內容的小店。,assets/images/beginner-redbean-cake-1.webp｜assets/images/beginner-redbean-cake-2.webp｜assets/images/beginner-redbean-cake-3.webp
TCL-0224,aizawa-chanti-liquor-fashion,愛澤香緹洋酒服飾店,生活服務,服飾／生活選物,宜蘭縣頭城鎮青雲路三段158號,,女性服飾｜鞋類｜紅酒｜白酒｜洋酒,,青雲路上一間少見的複合型店面，把女性服飾、鞋類與紅白酒、洋酒放在同一個空間裡。店內不是單純的服飾店，也不是傳統酒類專賣店，而是把穿搭與生活選物結合在一起，形成很有自己風格的店面。,assets/images/aizawa-chanti-1.webp｜assets/images/aizawa-chanti-2.webp｜assets/images/aizawa-chanti-3.webp
TCL-0225,xiangnei-vegetarian,巷內蔬齋,小吃,素食,宜蘭縣頭城鎮拔雅里東五巷4號,0958-226-968,素食｜便當｜炒麵｜炒米粉｜紅燒湯,素食便當｜炒麵｜炒米粉,藏在東五巷裡的素食小店，主打日常、實在的蔬食餐點。除了白米便當、黃米便當，也有炒麵、炒米粉、素羹、素羹麵，以及紅燒湯、紅燒麵等選擇。如果想在頭城找一餐簡單、不花俏的素食，這間就是很實用的選擇。,assets/images/xiangnei-vegetarian-1.webp｜assets/images/xiangnei-vegetarian-2.webp｜assets/images/xiangnei-vegetarian-3.webp
TCL-0226,hean-vegetarian,禾安素食坊｜越南素食料理,小吃,越南素食料理,宜蘭縣頭城鎮城西里開蘭路12號,03-977-9967,素食｜越南料理｜米線｜法國麵包,越南素食料理｜米線｜法國麵包,開蘭路上的素食小店，除了台式素食，也能吃到很有特色的越南素食料理。從米線、湯麵到法國麵包，都有和一般素食店不太一樣的選擇。想吃素，但又不想每天都是相同的便當或傳統素食，這間會是很有變化的一個選擇。,assets/images/hean-vegetarian-1.webp｜assets/images/hean-vegetarian-2.webp｜assets/images/hean-vegetarian-3.webp
TCL-0227,zhenjia-vegetarian,珍佳素食,小吃,素食,宜蘭縣頭城鎮城北里沙成路44號,03-977-0703,素食｜素食麵｜素食飯｜素食小菜,,沙成路上的素食小店，主打日常、實在的素食餐點。從麵、飯到各式小菜都有，想簡單吃一餐很方便。店內餐點偏傳統台式素食路線，選擇不少，也很適合想找一份不複雜、能直接吃飽的素食餐點。,assets/images/zhenjia-vegetarian-1.webp｜assets/images/zhenjia-vegetarian-2.webp｜assets/images/zhenjia-vegetarian-3.webp
TCL-0228,miaokou-vegetarian,廟口素食,小吃,素食,宜蘭縣頭城鎮城東里和平街100號,03-977-7168,素食｜素食臭豆腐｜現炸｜素食飯麵,現炸素食臭豆腐,和平街上的素食小店，除了飯麵類，還有很有特色的現炸素食臭豆腐。現點現炸，外層酥、裡面保有豆腐口感，再配上泡菜，很值得專程來吃。如果想在頭城找一間可以吃飽、又有招牌特色的素食店，這間會是很實用的選擇。,assets/images/miaokou-vegetarian-1.webp｜assets/images/miaokou-vegetarian-2.webp｜assets/images/miaokou-vegetarian-3.webp
TCL-0229,kakahong,Kakahong 卡卡紅,咖啡,咖啡／甜點,宜蘭縣頭城鎮新建里開蘭東路34號,,千層蛋糕｜咖啡｜甜點｜LGBTQ+ 友善空間｜女性業主｜浪人聚集｜老屋,千層蛋糕｜咖啡｜其他飲品,開蘭東路上的白磚老屋咖啡店，空間帶著舒服的老屋感，也是附近浪人們容易聚在一起放鬆聊天的地方。店內的千層蛋糕、咖啡與其他飲品都很有特色，親人的店狗也常成為客人記住這裡的原因之一。附近停車相對方便，適合午後坐下來慢慢喝杯咖啡、吃個甜點。,assets/images/kakahong-1.webp｜assets/images/kakahong-2.webp｜assets/images/kakahong-3.webp｜assets/images/kakahong-4.webp
TCL-0230,junkfood-lovefood,匠客福,餐廳,早午餐／午餐,宜蘭縣頭城鎮新建里開蘭東路36號,0900-644-818,漢堡｜飯食｜海鮮｜雞肉｜牛肉｜露台｜早午餐,漢堡｜飯食,開蘭東路上的休閒餐廳，店內有座位，也設有戶外露台，整體空間很放鬆。餐點從搭配肉類的飯食，到海鮮、雞肉、牛肉漢堡都有，想吃得比較有份量或來一頓週末早午餐都很適合。店外牆面的彩繪很有辨識度，也帶著這一帶特有的浪人聚集感。,assets/images/junkfood-lovefood-1.webp｜assets/images/junkfood-lovefood-2.webp｜assets/images/junkfood-lovefood-3.webp｜assets/images/junkfood-lovefood-4.webp
TCL-0231,chuanshao-baobei,串燒寶貝,小吃,晚餐／宵夜,宜蘭縣頭城鎮拔雅里復興路59-3號,0926-377-880,串燒｜雞腿捲｜香菇｜豆皮｜宵夜,雞腿捲｜香菇｜豆皮,復興路上的晚間串燒店，雞腿捲、香菇和豆皮都很推薦，醬汁有自己的特色。老闆大方又親切，適合傍晚到晚上買一份串燒，當晚餐或宵夜慢慢吃。,assets/images/chuanshao-baobei-1.webp｜assets/images/chuanshao-baobei-2.webp｜assets/images/chuanshao-baobei-3.webp
TCL-0232,huaba-pet-grooming,花爸寵物美容,生活服務,寵物美容,宜蘭縣頭城鎮拔雅里復興路59號1樓,0911-626-680,寵物美容｜毛孩清潔｜美容服務,,復興路上的寵物美容店，提供毛孩日常清潔與美容服務。店內空間明亮，從外觀到美容區都很容易辨識，對附近飼主來說是方便的寵物服務據點。,assets/images/huaba-pet-grooming-1.webp｜assets/images/huaba-pet-grooming-2.webp｜assets/images/huaba-pet-grooming-3.webp
TCL-0233,fuxing-riceball,福興大飯糰,餐廳,早餐,宜蘭縣頭城鎮開蘭路210之2號,0912-094-890,飯糰｜蛋餅｜早餐｜飽足系,飯糰,份量非常有存在感的頭城早餐店，飯糰一拿到手就知道不是走小鳥胃路線。口味選擇不少，搭配蛋、肉類與不同配料，一顆吃完真的很容易直接飽到中午。如果早上想吃一份夠有份量、可以撐很久的早餐，這間很適合。,assets/images/fuxing-riceball-1.webp｜assets/images/fuxing-riceball-2.webp｜assets/images/fuxing-riceball-3.webp
TCL-0234,defang-yushanfang,德芳御膳坊,小吃,特色小吃／熟食,宜蘭縣頭城鎮城東里青雲路三段275號,03-977-0113,三星蔥油餅｜仙草汁｜獅子頭｜熟食,三星蔥油餅｜天然仙草汁｜獅子頭,青雲路上的特色小吃店，三星蔥油餅很容易一不小心就再點第二份。店內也有認真熬煮的天然仙草汁，連無糖版本都很順口；另外還有手路菜獅子頭，可以直接買回家自己料理。從現煎小吃、飲品到帶回家的熟食都有，是一間品項不算複雜，但每樣都很有記憶點的小店。,assets/images/defang-yushanfang-1.webp｜assets/images/defang-yushanfang-2.webp｜assets/images/defang-yushanfang-3.webp
TCL-0235,stuchen-toucheng,學廚食坊,小吃,燴飯／學生美食,宜蘭縣頭城鎮拔雅里文雅路6號,0916-171-928,燴飯｜牛肉燴飯｜羊肉燴飯｜咖哩｜學生美食,牛肉燴飯｜羊肉燴飯｜咖哩燴飯,文雅路上的在地食坊，店內空間帶著很有辨識度的「學廚」風格，從黑板留言、學生美食元素到用餐空間，都有一種輕鬆、不拘束的感覺。餐點以各式燴飯為主，從牛肉、羊肉、豬肉、雞肉、海鮮，到咖哩、椒麻系列都有，想吃一份熱騰騰又有飽足感的飯類，選擇相當多。,assets/images/stuchen-1.webp｜assets/images/stuchen-2.webp｜assets/images/stuchen-3.webp
TCL-0236,neighbor-braised-pork-rice,鄰家魯肉飯,小吃,魯肉飯／家常小吃,宜蘭縣頭城鎮城北里沙成路40號,0911-217-179,魯肉飯｜炸蛋｜湯品｜LGBTQ+ 友善空間｜女性業主,魯肉飯｜炸蛋｜餛飩／乾麵,沙成路上的家常小吃店，主打魯肉飯，也能搭配炸蛋、湯品等一起吃。整體就是很適合日常來吃一頓的路線，份量實在、選擇直接。店內同時標示為 LGBTQ+ 友善空間，也是女性業主經營的商家。,assets/images/neighbor-braised-pork-rice-1.webp｜assets/images/neighbor-braised-pork-rice-2.webp｜assets/images/neighbor-braised-pork-rice-3.webp｜assets/images/neighbor-braised-pork-rice-4.webp｜assets/images/neighbor-braised-pork-rice-5.webp
TCL-0237,toucheng-braised-pork-intestine-vermicelli,頭城滷肉大腸麵線,小吃,大腸麵線／早餐,宜蘭縣頭城鎮城北里沙成路99號,03-977-4766,大腸麵線｜滷肉｜學生早餐｜在地老味道,滷肉大腸麵線,沙成路上的在地小吃，特色是少見的大腸麵線加滷肉組合，也是許多頭城學生熟悉的早餐選擇。早上六點就開始營業，想吃一碗熱呼呼、帶點古早味的麵線很方便。店家就在 AQUA 水瓶隔壁，位置很好認。,assets/images/toucheng-braised-pork-intestine-vermicelli-1.webp｜assets/images/toucheng-braised-pork-intestine-vermicelli-2.webp｜assets/images/toucheng-braised-pork-intestine-vermicelli-3.webp
TCL-0238,xiaoliangyuan-shaved-ice,小涼園冰果室,點心,冰品／剉冰,宜蘭縣頭城鎮城南里開蘭路88號,暫無資料,剉冰｜八寶冰｜細沙冰｜老店｜第二代｜季節營業,八寶冰｜細沙剉冰,開蘭路上的老字號冰果室，已經營超過30年，目前由第二代接手。每年大約從清明節前後開始營業，一路賣到11月左右進入季節性休息。這裡最有記憶點的是非常細緻的傳統剉冰，口感和一般粗冰很不一樣；熟客和行家常點八寶冰，一碗上桌就是滿滿配料。對很多頭城人來說，它不只是冰店，也是一種夏天開始的訊號。,assets/images/xiaoliangyuan-shaved-ice-1.webp｜assets/images/xiaoliangyuan-shaved-ice-2.webp｜assets/images/xiaoliangyuan-shaved-ice-3.webp
TCL-0239,ten-dollar-fried,10元炸炸店,小吃,炸物,宜蘭縣頭城鎮城西里纘祥路33號,03-978-9664,炸物｜雞排｜鹽酥雞｜學生小吃｜外帶,雞排｜鹽酥雞｜甜不辣｜薯條,纘祥路上的炸物攤，也是頭城家商學生放學後，從學校一路往頭城車站方向走時的最後炸物補給站。品項從雞排、鹽酥雞、甜不辣、薯條到各式串炸都有，是頭城鎮上炸物版圖的最後一塊拼圖。想在搭車前帶一包現炸小吃上路，這間的位置剛剛好。,assets/images/ten-dollar-fried-1.webp｜assets/images/ten-dollar-fried-2.webp｜assets/images/ten-dollar-fried-3.webp
TCL-0240,wuying-handmade-buns,武營手作包子,早餐,包子／饅頭,宜蘭縣頭城鎮武營里開蘭路210-1號,0987-669-420,包子｜饅頭｜梅乾菜包｜手作｜現做,梅乾菜包｜包子｜饅頭,武營里的手作包子店，每天凌晨四點就開始製作，早上六點開門販售。包子、饅頭品項不少，從肉包、菜包到各式甜口味都有。最推薦的是梅乾菜口味，香氣重又耐吃，常常一吃就是兩個。想吃剛出爐的，早點來最對味。,assets/images/wuying-handmade-buns-3.webp｜assets/images/wuying-handmade-buns-1.webp｜assets/images/wuying-handmade-buns-2.webp｜assets/images/wuying-handmade-buns-4.webp
TCL-0241,rihua-grocery,日華商行,點心,傳統糕點／商行,宜蘭縣頭城鎮城東里開蘭路182號,暫無資料,糕點｜傳統糕點｜節慶糕點｜菜市場｜伴手禮,傳統糕點｜節慶糕點,頭城菜市場裡的傳統糕點購買處，逢年過節想找應景糕點時，很容易就會想到這裡。每天一早六點開始營業，很有市場型店家的生活節奏。週日店門口附近還常會出現壽司攤等不同的小攤商，讓這一帶除了買糕點之外，也多了一點逛市場挖寶的樂趣。,assets/images/rihua-grocery-1.webp
TCL-0242,wanlixiang-drink,萬里香飲料店,飲料,茶飲,宜蘭縣頭城鎮城北里民鋒路6號,03-977-9422,飲料｜茶飲｜奶茶｜學生回憶｜放學小吃,茶飲｜奶茶,民鋒路上的在地飲料店，是不少頭城學子放學後熟悉的味道。店裡品項多，從茶飲、奶茶到各式調味飲品都有，價格也維持傳統飲料店的親民路線。對在地學生來說，這裡不只是買一杯飲料，更像是放學路上的固定補給站。,assets/images/wanlixiang-drink-1.webp｜assets/images/wanlixiang-drink-2.webp
TCL-0243,sanfeng-grocery,三豐餅店,生活服務,在地商行,宜蘭縣頭城鎮城西里開蘭路34號,03-977-2464,商行｜酒類｜古早味零食｜餅乾｜伴手零嘴,古早味零食｜餅乾,開蘭路上的在地型商行，主打酒類、古早味零食與各式餅乾。店面保留很傳統的街邊商行樣貌，想找一些以前常見、現在反而比較少看到的零食，也很適合來這裡挖寶。從早上七點一路營業到晚上，週五、週六甚至到23:00，是頭城鎮上營業時間相當長的一間老派商行。,assets/images/sanfeng-grocery-1.webp
TCL-0244,yongyue-grocery,永悅商行,生活服務,在地商行,宜蘭縣頭城鎮城西里開蘭路36號,03-977-2036,商行｜食品雜貨｜調味料｜料理食材｜酒類｜零食｜影視取景,料理食材｜調味料｜零食,開蘭路上的在地老商行，店內從零食、飲料、酒類，到日常烹飪會用到的各式食材、調味料都有，屬於很典型、也很實用的街坊型雜貨商行。這裡同時也是影視作品《欠妳的那場婚禮》的取景地點之一，對熟悉頭城街景的人來說，店面本身就很有辨識度。,assets/images/yongyue-grocery-1.webp｜assets/images/yongyue-grocery-2.webp｜assets/images/yongyue-grocery-3.webp｜assets/images/yongyue-grocery-4.webp
